{
    "geometries":[{
        "type":"Geometry",
        "data":{
            "uvs":[[0.523027,0.980505,0.498287,0.990752,0,0,0.533275,0.509172,0.533275,0.955765,0.0516941,0.474184,0.498287,0.474184,0.498287,0.474184,0.0516941,0.474184,0.0167063,0.955765,0.0167063,0.509172,0.0516941,0.990752,0.523027,0.484432,0.0269539,0.484432,0.0269539,0.980505,0.053127,0.983549,0.496854,0.983549,0.517514,0.974991,0.526071,0.954332,0.526071,0.510605,0.0324672,0.974991,0.0239097,0.954332,0.0239097,0.510605,0.0324672,0.489945,0.053127,0.481387,0.496854,0.481387,0.517514,0.489945,0.479572,0.873242,0.479572,0.591694,0.0704089,0.591694,0.0704089,0.873242]],
            "faces":[41,6,4,17,19,0,1,1,0,0,1,2,3,40,6,5,11,2,2,2,4,4,4,40,11,12,10,2,2,2,5,5,5,40,10,13,15,2,2,2,6,6,6,40,15,14,7,2,2,2,4,4,4,40,7,9,8,2,2,2,5,5,5,40,8,4,6,2,2,2,5,5,5,40,6,11,10,2,2,2,7,7,7,40,10,15,7,2,2,2,8,8,8,40,7,8,6,2,2,2,5,5,5,40,10,7,6,2,2,2,9,9,9,41,11,5,21,23,3,4,4,3,10,11,12,13,41,13,10,36,34,5,6,7,8,14,15,16,17,41,7,14,30,28,9,10,10,9,18,19,20,21,41,4,8,24,17,1,11,11,1,1,22,23,2,41,10,12,38,36,6,12,12,7,15,24,25,16,41,14,15,32,30,10,13,13,10,19,26,27,20,41,5,6,19,21,4,0,0,4,11,0,3,12,41,12,11,23,38,12,3,3,12,24,10,13,25,41,15,13,34,32,13,5,8,13,26,14,17,27,41,9,7,28,26,14,9,9,14,28,18,21,29,41,8,9,26,24,11,14,14,11,22,28,29,23,41,17,24,25,16,1,11,15,16,2,23,30,31,41,19,17,16,18,0,1,16,17,3,2,31,32,41,21,19,18,20,4,0,17,18,12,3,32,33,41,23,21,20,22,3,4,18,19,13,12,33,34,41,24,26,27,25,11,14,20,15,23,29,35,30,41,26,28,29,27,14,9,21,20,29,21,36,35,41,28,30,31,29,9,10,22,21,21,20,37,36,41,30,32,33,31,10,13,23,22,20,27,38,37,41,32,34,35,33,13,8,24,23,27,17,39,38,41,34,36,37,35,8,7,25,24,17,16,40,39,41,36,38,39,37,7,12,26,25,16,25,41,40,41,38,23,22,39,12,3,19,26,25,13,34,41,40,0,2,22,27,28,19,42,42,42,40,35,2,3,24,28,29,43,43,43,40,2,37,22,28,25,19,44,44,44,40,37,39,22,25,26,19,42,42,42,40,20,0,22,18,27,19,45,45,45,40,2,35,37,28,24,25,45,45,45,40,33,35,31,23,24,22,44,44,44,40,3,1,31,29,30,22,42,42,42,40,1,29,31,30,21,22,45,45,45,40,18,16,20,17,16,18,45,45,45,40,16,0,20,16,27,18,46,46,46,40,1,16,25,30,16,15,42,42,42,40,1,25,29,30,15,21,42,42,42,40,16,1,0,16,30,27,45,45,45,40,35,3,31,24,29,22,42,42,42,40,25,27,29,15,20,21,42,42,42],
            "normals":[-0.548967,-0.630238,0.548967,-0.145573,-0.6657,0.731864,-0.173956,0.45262,0.874538,-0.633931,0.442976,0.633931,-1.37331e-07,-1,5.6884e-08,0,-1,0,-0,-1,0,5.2752e-08,-1,5.2752e-08,-1.172e-09,-1,5.3924e-08,2.458e-09,-1,5.0294e-08,-0.731864,-0.6657,-0.145573,-0.731864,-0.6657,0.145573,-0.874538,0.45262,0.173956,-0.874538,0.45262,-0.173956,0.145573,-0.6657,-0.731864,-0.145573,-0.6657,-0.731864,-0.173956,0.45262,-0.874538,0.173956,0.45262,-0.874538,0.731864,-0.6657,0.145573,0.731864,-0.6657,-0.145573,0.874538,0.45262,-0.173956,0.874538,0.45262,0.173956,0.145573,-0.6657,0.731864,0.173956,0.45262,0.874538,-0.548967,-0.630238,-0.548967,-0.633931,0.442976,-0.633931,0.548967,-0.630238,-0.548967,0.633931,0.442976,-0.633931,0.548967,-0.630238,0.548967,0.633931,0.442976,0.633931,0.0619526,0.94821,0.311472,-0.0619526,0.94821,0.311472,-0.23545,0.94293,0.23545,-0.311472,0.94821,0.0619526,-0.311472,0.94821,-0.0619526,0.23545,0.94293,0.23545,0.311472,0.94821,0.0619526,0.311472,0.94821,-0.0619526,0.23545,0.94293,-0.23545,0.0619526,0.94821,-0.311472,-0.0619526,0.94821,-0.311472,-0.23545,0.94293,-0.23545,0,1,0,0,1,0,-0,1,0,0,1,-0,-0,1,-0],
            "name":"carrierTPWEM01GeometryGeometry",
            "vertices":[-0.06,0.0254021,0.0412864,0.06,0.0254021,0.0412864,-0.06,0.0254021,-0.0412864,0.06,0.0254021,-0.0412864,-0.0654887,3.725e-09,0.07575,-0.07575,3.725e-09,0.0654887,-0.0727445,3.725e-09,0.0727445,0.07575,3.725e-09,0.0654887,0.0654887,3.725e-09,0.07575,0.0727445,3.725e-09,0.0727445,-0.0654887,-3.725e-09,-0.07575,-0.07575,-3.725e-09,-0.0654887,-0.0727445,-3.725e-09,-0.0727445,0.0654887,-3.725e-09,-0.07575,0.07575,-3.725e-09,-0.0654887,0.0727445,-3.725e-09,-0.0727445,-0.0650685,0.0254021,0.0736374,-0.0654887,0.0239937,0.07575,-0.0711276,0.0254021,0.0711276,-0.0727445,0.0239937,0.0727445,-0.0736374,0.0254021,0.0650685,-0.07575,0.0239937,0.0654887,-0.0736374,0.0254021,-0.0650685,-0.07575,0.0239937,-0.0654887,0.0654887,0.0239937,0.07575,0.0650685,0.0254021,0.0736374,0.0727445,0.0239937,0.0727445,0.0711276,0.0254021,0.0711276,0.07575,0.0239937,0.0654887,0.0736374,0.0254021,0.0650685,0.07575,0.0239937,-0.0654887,0.0736374,0.0254021,-0.0650685,0.0727445,0.0239937,-0.0727445,0.0711276,0.0254021,-0.0711276,0.0654887,0.0239937,-0.07575,0.0650685,0.0254021,-0.0736374,-0.0654887,0.0239937,-0.07575,-0.0650685,0.0254021,-0.0736374,-0.0727445,0.0239937,-0.0727445,-0.0711276,0.0254021,-0.0711276],
            "metadata":{
                "version":3,
                "uvs":1,
                "faces":50,
                "normals":47,
                "generator":"io_three",
                "vertices":40
            }
        },
        "uuid":"57DC195A-5FCE-4552-851D-4D8350A44711"
    },{
        "type":"Geometry",
        "data":{
            "uvs":[[9.0935e-06,4.94719e-06,0.999981,5.03659e-06,0.999981,0.688084,9.18662e-06,0.688084]],
            "faces":[41,0,1,3,2,0,1,2,3,0,0,0,0],
            "normals":[0,1,0],
            "name":"carrierTPWEM01ScreenGeometryGeometry",
            "vertices":[0.06,0,-0.0412916,-0.06,0,-0.0412916,0.06,0,0.0412916,-0.06,0,0.0412916],
            "metadata":{
                "version":3,
                "uvs":1,
                "faces":1,
                "normals":1,
                "generator":"io_three",
                "vertices":4
            }
        },
        "uuid":"337615BC-1972-4F7A-BAC3-F1AE6B32C4C5"
    }],
    "animations":[{
        "tracks":[],
        "name":"default",
        "fps":24
    }],
    "materials":[{
        "map":"1331008C-4FC0-4CB2-A01C-DCD8323E6989",
        "shininess":25,
        "blending":"NormalBlending",
        "specular":2697513,
        "type":"MeshPhongMaterial",
        "uuid":"58F44082-1F99-4124-A8E0-D0E17A388BC6",
        "depthWrite":true,
        "depthTest":true,
        "color":13421772,
        "vertexColors":0,
        "emissive":0,
        "name":"carrierTPWEM01Material"
    },{
        "map":"65BB953B-D9D2-421A-8307-902C562A74B7",
        "color":13882323,
        "uuid":"9AD4DDF3-DF4D-474C-865A-C10ED22F3E28",
        "depthWrite":true,
        "blending":"NormalBlending",
        "type":"MeshBasicMaterial",
        "vertexColors":0,
        "depthTest":true,
        "name":"carrierTPWEM01ScreenMaterial"
    }],
    "object":{
        "type":"Scene",
        "children":[{
            "name":"carrierTPWEM01",
            "uuid":"2DFA9C92-264E-4530-9643-45832D8B5B60",
            "matrix":[-1,0,0,0,0,0,1,0,0,1,0,0,0,0,0,1],
            "visible":true,
            "type":"Mesh",
            "material":"58F44082-1F99-4124-A8E0-D0E17A388BC6",
            "castShadow":true,
            "receiveShadow":true,
            "geometry":"57DC195A-5FCE-4552-851D-4D8350A44711",
            "children":[{
                "name":"carrierTPWEM01Screen",
                "uuid":"57ECA3EB-50B9-4302-8C75-EB0983577758",
                "matrix":[1,0,0,0,0,1,0,0,0,0,1,0,0,0.0254021,6.21e-10,1],
                "visible":true,
                "type":"Mesh",
                "material":"9AD4DDF3-DF4D-474C-865A-C10ED22F3E28",
                "castShadow":true,
                "receiveShadow":true,
                "geometry":"337615BC-1972-4F7A-BAC3-F1AE6B32C4C5"
            }]
        }],
        "uuid":"2B756841-CEBD-48CF-BB5E-2026FAD3D877",
        "matrix":[1,0,0,0,0,1,0,0,0,0,1,0,0,0,0,1]
    },
    "images":[{
        "name":"carrierTPWEM01Material.jpg",
        "uuid":"8709BBB9-95F6-4BE4-AF29-6B2768B3C869",
        "url":"textures/carrierTPWEM01Material.jpg"
    },{
        "name":"carrierTPWEM01ScreenMaterial.jpg",
        "uuid":"E9083E17-3638-4286-B535-3DDF73C5E6FB",
        "url":"textures/carrierTPWEM01ScreenMaterial.jpg"
    }],
    "textures":[{
        "repeat":[1,1],
        "anisotropy":1,